geolocation_zip_code_prefix,geolocation_lat,geolocation_lng,geolocation_city,geolocation_state
18243,28.008978338034268,-15.536867177679133,bom retiro da esperanca,SP
28165,41.61405150610495,-8.411675312504059,vila nova de campos,RJ
28155,42.43928591592116,13.82021409761152,santa maria,RJ
28333,38.38167205114709,-6.328200272094753,raposo,RJ
28595,43.68496096631822,-7.411080413859842,portela,RJ
29654,29.40925222930908,-98.48412074808029,santo antônio do canaã,ES
29654,21.65754744931478,-101.46676644931476,santo antonio do canaa,ES
35179,25.995202881053302,-98.07854439291536,santana do paraíso,MG
35179,25.995244980240106,-98.0785330980116,santana do paraiso,MG
45936,38.3239386880374,-6.775035344018704,itabatan,BA
46560,38.99196259838999,-4.947823288649088,ibiajara,BA
47310,38.26820516582393,-7.803885844521256,santana do sobrado,BA
57319,45.06593318269697,9.341527629906514,pau d'arco,AL
58441,41.38532754845633,-8.717341701284429,são josé da mata,PB
68275,41.14620290949943,-8.57785501800488,porto trombetas,PA
68275,42.16680464053045,-6.898530628106095,porto trombetas,PA
68275,42.16725082536653,-6.898559051071016,porto trombetas,PA
68275,42.16725082536653,-6.898559051071016,porto trombetas,PA
68275,42.16725082536653,-6.898559051071016,porto trombetas,PA
68379,38.71312760878105,-9.135741391218955,castelo dos sonhos,PA
68447,42.42888405758768,-6.873343870596927,vila dos cabanos,PA
68901,0.0402530563973179,-51.0785768417404,macapa,AP
68900,0.035899351627026,-51.06350042615323,macapa,AP
68948,0.90479677530647,-52.00158105061295,serra do navio,AP
68904,0.0091346517129429,-51.09153092504664,macapa,AP
68920,1.211469000000058,-53.045751499999966,laranjal do jari,AP
68906,0.027502444816341,-51.12354024723783,macapa,AP
68908,0.0490969345087335,-51.05735669770298,macapa,AP
68908,0.0526744953339811,-51.06100993403336,macapá,AP
68900,0.0360756533244695,-51.06011381804132,macapá,AP
68909,0.0881862458710302,-51.05431966562544,macapa,AP
68908,0.0535390516997954,-51.058004866633695,macapa,AP
68901,0.0370298685269346,-51.056043614706525,macapa,AP
68903,0.004616999999996,-51.08630074488575,macapa,AP
68904,0.0234131621850159,-51.08659878598549,macapa,AP
68900,0.031205364253157,-51.06908367335794,macapa,AP
68902,0.0371315833136495,-51.09033070049051,macapa,AP
68906,0.0299078271692533,-51.12258392868848,macapa,AP
68901,0.0263579084702809,-51.06635166440454,macapa,AP
68908,0.0675883430625404,-51.05667364758324,macapa,AP
68980,3.844901490570064,-51.83014644000704,oiapoque,AP
68908,0.049760378681301,-51.06329765576887,macapa,AP
68902,0.0174034312963227,-51.06358253186523,macapa,AP
68906,0.0750164293809543,-51.07902627434671,macapa,AP
68900,0.0350849722147331,-51.062590688261295,macapa,AP
68901,0.0413164423342657,-51.05532758954407,macapa,AP
68908,0.0437788051782568,-51.0651441014117,macapa,AP
68900,0.0325978819688619,-51.06045554255461,macapa,AP
68903,0.0019573468551718,-51.09332475143276,macapa,AP
68920,1.211469000000058,-53.045751499999966,laranjal do jari,AP
68903,0.0040050000000064,-51.08802640712048,macapa,AP
68901,0.0358088757933616,-51.072941938418666,macapa,AP
68900,0.0355981653523353,-51.05755647484378,macapa,AP
68908,0.0526744953339811,-51.06100993403336,macapa,AP
68908,0.0756762674474263,-51.05690217489541,macapa,AP
68909,0.0925154178332836,-51.08302393324467,macapa,AP
68908,0.0762893578469475,-51.08233156694214,macapá,AP
68900,0.0353869185751485,-51.05478811349376,macapá,AP
68909,0.0842672054512282,-51.06154728298081,macapa,AP
68900,0.0348929573776164,-51.07393988296194,macapa,AP
68901,0.0295638043197512,-51.068566010748135,macapa,AP
68904,0.0103034878301957,-51.090553202879725,macapa,AP
68900,0.0327407380860092,-51.06934569902635,macapa,AP
68980,3.84020179212284,-51.83277904777481,oiapoque,AP
68907,0.069916676324915,-51.05072820847661,macapa,AP
68900,0.0460104854708342,-51.05125121682322,macapa,AP
68900,0.0333754467310489,-51.0547000819085,macapá,AP
68901,0.047010394698347,-51.05556191521548,macapá,AP
68902,0.0122170329217942,-51.06300216919019,macapa,AP
68945,0.7784991694551642,-51.95586522818851,pedra branca do amapari,AP
68900,0.034997604174992,-51.06017482923317,macapa,AP
68945,0.7754062411356021,-51.94993152314136,pedra branca do amapari,AP
68902,0.0199738915224052,-51.07370874948396,macapá,AP
68901,0.0356702932515817,-51.07069918247641,macapa,AP
68904,0.017799323540179,-51.08436767499086,macapa,AP
68980,3.846427498376821,-51.83675018177709,oiapoque,AP
68904,0.0094389677725415,-51.07839237541292,macapa,AP
68907,0.0696447971966994,-51.050223044367854,macapá,AP
68901,0.0407066380232883,-51.05782138467288,macapa,AP
68900,0.0378077796552883,-51.05313279535852,macapa,AP
68902,0.0253159053890925,-51.0692316157736,macapá,AP
68900,0.036851257101532,-51.0646782336212,macapa,AP
68902,0.0238989898225484,-51.07575789615083,macapa,AP
68909,0.0962353957421287,-51.05533564683405,macapá,AP
68908,0.0558839430621879,-51.05768870673255,macapa,AP
68901,0.0402501049583347,-51.076497686767766,macapa,AP
68902,0.0165827823792767,-51.06865221934,macapa,AP
68900,0.0352724903989206,-51.0668228213855,macapá,AP
68901,0.0312041917780785,-51.05986290150687,macapa,AP
68900,0.0301598780406707,-51.05368535044082,macapa,AP
68948,0.8896191903041019,-52.00095604928857,serra do navio,AP
68908,0.0639861812205255,-51.06010821517273,macapa,AP
68900,0.0332477149146362,-51.07938925846031,macapá,AP
68908,0.0438525325668544,-51.06802493478405,macapa,AP
68901,0.0379087587831218,-51.07962572570726,macapa,AP
68906,0.0312370019880296,-51.11514403718013,macapa,AP
68908,0.0639861812205255,-51.06010821517273,macapa,AP
68902,0.0150909974109258,-51.06898949277977,macapa,AP
68908,0.0739968387876569,-51.07907376153915,macapa,AP
68904,0.0093665658260389,-51.09516789901956,macapa,AP
68909,0.0948364166108775,-51.05724944918563,macapa,AP
68908,0.0505349179321589,-51.05692436761616,macapá,AP
68909,0.0019358157683143,-51.06243261552706,macapa,AP
68908,0.0526744953339811,-51.06100993403336,macapa,AP
68906,0.0364293947711448,-51.08201129518656,macapá,AP
68903,0.0025649999999981,-51.072543,macapa,AP
68908,0.0585332994782229,-51.05501404177809,macapá,AP
68908,0.0536430815813222,-51.053314688649166,macapa,AP
68900,0.0340961256196297,-51.06410715119527,macapa,AP
68900,0.032974930054405,-51.07440844505064,macapá,AP
68906,0.0380355180871737,-51.09091270059314,macapa,AP
68901,0.0345334704818548,-51.07274559659623,macapa,AP
68902,0.0121976892554346,-51.062744443282526,macapa,AP
68903,0.0006298486072866,-51.0791097885383,macapa,AP
68902,0.0216787388129484,-51.07770066027728,macapa,AP
68909,0.002814761635168,-51.0619290599053,macapa,AP
68904,0.0194624281444081,-51.079934483443566,macapá,AP
68980,3.847265837179554,-51.827862215876095,oiapoque,AP
68903,0.000658826456132,-51.0727224373187,macapa,AP
68905,0.0449492316842115,-51.04861268455439,macapá,AP
68904,0.0145039088847472,-51.08224226350252,macapa,AP
68908,0.0497564993203091,-51.05731441133929,macapa,AP
68906,0.0366502551916275,-51.08690038477514,macapa,AP
68908,0.0748287858703929,-51.06355646574092,macapa,AP
68906,0.0309408653518938,-51.11690992272841,macapa,AP
68908,0.0434452170995045,-51.06053555209396,macapa,AP
68901,0.0242946853092729,-51.07015515541683,macapa,AP
68909,0.1005585989551842,-51.0524412659235,macapa,AP
68905,0.0418316734649929,-51.04987339514423,macapa,AP
68904,0.0185467023329778,-51.08430888958323,macapa,AP
68904,0.0100396475287804,-51.07574336610979,macapa,AP
68908,0.0527815852599046,-51.05664173843025,macapa,AP
68900,0.0399649684304062,-51.06203125597413,macapa,AP
68904,0.0127891069387587,-51.08603377278193,macapa,AP
68908,0.0459499514232846,-51.06444880019918,macapá,AP
68901,0.0280646761155467,-51.056338515652456,macapa,AP
68980,3.845562971695976,-51.82967739343017,oiapoque,AP
68901,0.0256263771046846,-51.06549550833189,macapa,AP
68900,0.0307578544475214,-51.06226602069104,macapa,AP
68900,0.0329348785393376,-51.07364079101185,macapa,AP
68900,0.0334373953304241,-51.06856984996464,macapa,AP
68901,0.0168890998824891,-51.05740099400453,macapa,AP
68908,0.072872361802214,-51.05564565013089,macapa,AP
68909,0.0905166865726467,-51.04890862991905,macapá,AP
68908,0.0520905799912584,-51.054975902147696,macapa,AP
68901,0.0257318996076639,-51.08001062901354,macapa,AP
68909,0.0800934987642039,-51.05740971440199,macapa,AP
68903,0.0066058425849812,-51.077372297189605,macapa,AP
68908,0.0528123444908522,-51.0521113205819,macapa,AP
68909,0.096238597520813,-51.08110405289326,macapa,AP
68904,0.0086648196389008,-51.09563841275973,macapa,AP
68901,0.0279711286908909,-51.06594339640303,macapa,AP
68900,0.0338582213947642,-51.06061774086325,macapá,AP
68908,0.0368862401681103,-51.051868487691365,macapa,AP
68908,0.0437788051782568,-51.0651441014117,macapa,AP
68901,0.0267967880047507,-51.07908238262074,macapa,AP
68903,0.009303046677257,-51.067495343589535,macapa,AP
68902,0.0197259378789582,-51.0713694315755,macapa,AP
68908,0.0439403712064396,-51.069273890440655,macapa,AP
68905,0.0041186174167843,-51.06035940736016,macapa,AP
68900,0.0378077796552883,-51.05313279535852,macapa,AP
68903,0.0085193409848501,-51.06559032174751,macapa,AP
68908,0.0291384108992852,-51.05247369922164,macapa,AP
68907,0.069916676324915,-51.05072820847661,macapa,AP
68900,0.0327407380860092,-51.06934569902635,macapa,AP
68909,0.0905149425555106,-51.05526275371231,macapa,AP
68901,0.0335411401319673,-51.076861394036285,macapa,AP
68904,0.0166876364960192,-51.07834198411296,macapa,AP
68901,0.0317968004096554,-51.0567169796802,macapa,AP
68900,0.0314170144953606,-51.06124468749203,macapa,AP
68908,0.071162192467107,-51.06113375308004,macapa,AP
68900,0.03725893878634,-51.050660472998096,macapa,AP
68902,0.0204549727821823,-51.05945989740986,macapa,AP
68909,0.082265443343985,-51.0628807993012,macapa,AP
68980,3.849093133311387,-51.8319106923192,oiapoque,AP
68900,0.0322426147955222,-51.05196730428242,macapá,AP
68908,0.0569664216840851,-51.05853619886202,macapá,AP
68905,0.0865260790776826,-51.053059333167774,macapa,AP
68909,0.1015113810093949,-51.04145181227346,macapa,AP
68900,0.044280590963396,-51.06240311081143,macapa,AP
68906,0.0382820258956558,-51.085264549223744,macapa,AP
68908,0.0526744953339811,-51.06100993403336,macapá,AP
68900,0.0329146353626891,-51.06097087678103,macapa,AP
68908,0.0534539422786059,-51.06096672576889,macapa,AP
68900,0.029904003253059,-51.06047245986305,macapá,AP
68900,0.0383795032525049,-51.0627616516102,macapa,AP
68902,0.017590757722418,-51.07312228275047,macapa,AP
68900,0.0427205454670148,-51.05963237112689,macapá,AP
68900,0.0343330826607515,-51.06761242176145,macapa,AP
68908,0.05338454640933,-51.057623320373175,macapá,AP
68904,0.0232330661274693,-51.07784779126607,macapá,AP
68911,0.0037175935876586,-51.06095157995029,macapá,AP
68900,0.0333365465459089,-51.0491784797689,macapa,AP
68901,0.0422472207165984,-51.05625620716595,macapa,AP
68906,0.0378809426411975,-51.09081249306265,macapa,AP
68903,0.0009392271143459,-51.10154177459961,macapa,AP
68900,0.0338125275745399,-51.06241980511341,macapa,AP
68900,0.0426335319973775,-51.0747883076782,macapa,AP
68903,0.0032973438256775,-51.08986026553772,macapa,AP
68900,0.0330141306419245,-51.06068651772248,macapa,AP
68905,0.0558675712003116,-51.04306931008564,macapá,AP
68909,0.0842672054512282,-51.06154728298081,macapa,AP
68903,0.0273891207354404,-51.10862141315842,macapa,AP
68900,0.0356176836738863,-51.05785450459977,macapa,AP
68908,0.0368862401681103,-51.051868487691365,macapa,AP
68901,0.0412885045298366,-51.07873487735606,macapa,AP
68902,0.0221718547269184,-51.07249213002495,macapa,AP
68908,0.0335325443867076,-51.05200898970319,macapa,AP
68902,0.0219857729342685,-51.06879337092595,macapá,AP
68980,3.8470550591123054,-51.83560042863378,oiapoque,AP
68900,0.0375094178074635,-51.050645659722655,macapa,AP
68906,0.0314501531100413,-51.1162186090433,macapa,AP
68902,0.0385772082507677,-51.09140092199836,macapa,AP
68904,0.0206820000000078,-51.08047414756741,macapa,AP
68980,3.846687114988687,-51.83267714923625,oiapoque,AP
68901,0.0280980072196981,-51.05855564407071,macapa,AP
68909,0.096863387943892,-51.04401300000001,macapa,AP
68903,0.0194248584924263,-51.07443742978368,macapa,AP
68900,0.0384900183607588,-51.06270352570006,macapa,AP
68905,0.0496622616905618,-51.06342352630644,macapa,AP
68909,0.0842672054512282,-51.06154728298081,macapa,AP
68902,0.0240233824310042,-51.064332656323145,macapa,AP
68904,0.0114207662260432,-51.08605748185062,macapa,AP
68948,0.9013680122713784,-52.00447441372422,serra do navio,AP
68901,0.0403305506436514,-51.0536165774377,macapa,AP
68920,1.211469000000058,-53.045751499999966,laranjal do jari,AP
68900,0.0331383601908655,-51.06245320980359,macapa,AP
68900,0.0349717437610148,-51.062614502768845,macapá,AP
68902,0.0078615897626601,-51.08000547431369,macapa,AP
68908,0.0748393648969875,-51.09090540305343,macapá,AP
68900,0.0301661233253606,-51.064340206560246,macapa,AP
68904,0.0178034462618907,-51.08363009884928,macapa,AP
68902,0.0149251988127662,-51.068255577935744,macapa,AP
68997,0.7119168478514022,-51.41338885637655,porto grande,AP
68900,0.0420682846088173,-51.07721370370448,macapa,AP
68901,0.0335411401319673,-51.076861394036285,macapa,AP
68903,0.0026222316668195,-51.08652433961528,macapa,AP
68902,0.0179137353757636,-51.06626679092879,macapa,AP
68908,0.075769876450829,-51.05707351172282,macapa,AP
68904,0.0234163050381704,-51.08679050002792,macapá,AP
68903,0.0011757683332274,-51.094067112376976,macapa,AP
68945,0.7774094604439001,-51.95539376918561,pedra branca do amapari,AP
68909,0.0942132737618684,-51.08078929753484,macapa,AP
68904,0.0093665658260389,-51.09516789901956,macapa,AP
68908,0.0517739837859906,-51.05546503678316,macapa,AP
68909,0.0997569110917929,-51.04083573145692,macapá,AP
68908,0.0454123064969659,-51.06627208779189,macapá,AP
68904,0.0108756618434502,-51.09492731374298,macapa,AP
68901,0.0494620525982967,-51.05428693485468,macapa,AP
68980,3.843032230282736,-51.8381543090796,oiapoque,AP
68909,0.0897665441489192,-51.087313101393086,macapa,AP
68900,0.0344916029090177,-51.06986422512182,macapá,AP
68909,0.0952851150645518,-51.04716859097877,macapa,AP
68900,0.0417798416479505,-51.06222418865202,macapa,AP
68903,0.0095000811535537,-51.0596490868932,macapa,AP
68900,0.0398440307245969,-51.05718837647493,macapa,AP
68902,0.0170986744729782,-51.06975209367035,macapa,AP
68903,0.0010208605969788,-51.07533028724619,macapa,AP
68905,0.0873432477223951,-51.042474591449405,macapa,AP
68909,0.0279341136891328,-51.114137637043086,macapa,AP
68904,0.0119271752858648,-51.081891347891926,macapa,AP
68908,0.0450969844903938,-51.06150512206827,macapá,AP
68900,0.0321392681670646,-51.07366450320987,macapa,AP
68945,0.7791941570102032,-51.948999168418,pedra branca do amapari,AP
68906,0.0349717437610148,-51.062614502768845,macapá,AP
68900,0.0311514496787761,-51.05360616579527,macapa,AP
68901,0.0282166620134946,-51.06481465577762,macapa,AP
68906,0.0366718023952689,-51.08639495883321,macapá,AP
68909,0.0966330141801855,-51.04510880722487,macapa,AP
68902,0.016880621409311,-51.06290477348583,macapa,AP
68900,0.0344282650642912,-51.05361905314673,macapa,AP
68997,0.7043350395237901,-51.41139506580055,porto grande,AP
68909,0.0912217043938702,-51.05233927694476,macapa,AP
68901,0.042508563264327,-51.04720312467882,macapa,AP
68902,0.0241914398399647,-51.07138305371522,macapa,AP
68902,0.0247229957452927,-51.06335308774384,macapa,AP
68901,0.0282958796138375,-51.06156151067838,macapá,AP
68920,1.211469000000058,-53.045751499999966,laranjal do jari,AP
68904,0.0103034878301957,-51.090553202879725,macapa,AP
68908,0.0571083572605609,-51.053264768146015,macapa,AP
68901,0.0487743488005333,-51.04282816102548,macapá,AP
68950,2.0534872566250724,-50.79293156636463,amapa,AP
68901,0.0370615767122653,-51.07865183038967,macapá,AP
68909,0.0937683491793769,-51.04264493719433,macapa,AP
68908,0.0453913668225616,-51.05691131973663,macapá,AP
68900,0.0363444939788838,-51.06640367666871,macapa,AP
68901,0.0295006915156889,-51.07915280987016,macapa,AP
68900,0.0293361284582805,-51.05414101052378,macapa,AP
68908,0.0722264959082089,-51.08119295428626,macapa,AP
68902,0.0121976892554346,-51.062744443282526,macapa,AP
68960,2.497166964362394,-50.95462497109634,calcoene,AP
68902,0.0164307768052596,-51.06603730403126,macapa,AP
68908,0.070380934526098,-51.06559049999999,macapa,AP
68980,3.818921867158104,-51.84653082357079,oiapoque,AP
68909,0.0934683672300391,-51.062658114393976,macapa,AP
68902,0.0197056799661495,-51.0711025037832,macapa,AP
68902,0.0222808507573401,-51.07327531297408,macapa,AP
68904,0.0234780483511949,-51.07889736216073,macapa,AP
68902,0.0173093615354265,-51.06996221497325,macapa,AP
68900,0.0458482522961314,-51.05115055752697,macapa,AP
68904,0.023182011001621,-51.07945979187573,macapa,AP
68948,0.8926980000000526,-51.99922249999996,serra do navio,AP
68908,0.0444215047026042,-51.05349100215036,macapa,AP
68920,1.211469000000058,-53.045751499999966,laranjal do jari,AP
68900,0.0319709384523078,-51.07104348695428,macapa,AP
68901,0.0433074282855003,-51.07824870492383,macapa,AP
68900,0.0411023836856228,-51.06477795557673,macapá,AP
68997,0.7109644170494379,-51.41556141864283,porto grande,AP
68900,0.0307411507862231,-51.06407688956876,macapa,AP
68901,0.0379087587831218,-51.07962572570726,macapa,AP
68900,0.0390720669078983,-51.07120633764154,macapa,AP
68980,3.845028342277464,-51.83391721583143,oiapoque,AP
68901,0.0296197539742199,-51.06924784464252,macapa,AP
68908,0.0452887977659047,-51.06605741451702,macapa,AP
68909,0.0901003134250109,-51.083532836527205,macapá,AP
68900,0.0342806826118761,-51.06680546100877,macapa,AP
68900,0.0307411507862231,-51.06407688956876,macapa,AP
68904,0.0219701655883162,-51.080413387489486,macapá,AP
68904,0.0234042833554645,-51.087787443508205,macapa,AP
68904,0.0116777860261818,-51.07985939072813,macapa,AP
68948,0.8926980000000526,-51.99922249999996,serra do navio,AP
68902,0.0186163640328727,-51.087058404002775,macapá,AP
68908,0.044579587238382,-51.065152037519184,macapa,AP
68948,0.8926980000000526,-51.99922249999996,serra do navio,AP
68901,0.0279905965506353,-51.07784809552141,macapá,AP
68900,0.0382404933704322,-51.05912526420465,macapa,AP
68980,3.840106802931424,-51.83478355700222,oiapoque,AP
68900,0.0338582213947642,-51.06061774086325,macapá,AP
68920,1.211469000000058,-53.045751499999966,laranjal do jari,AP
68902,0.0120608653611535,-51.07061641997202,macapa,AP
68900,0.0348805763380532,-51.073758810258326,macapá,AP
68908,0.0485398477856193,-51.06381252497682,macapa,AP
68908,0.0519788959850918,-51.05526786088061,macapa,AP
68901,0.0422472207165984,-51.05625620716595,macapá,AP
68902,0.0173093615354265,-51.06996221497325,macapa,AP
68901,0.0284188680749046,-51.074253100460055,macapá,AP
68900,0.0293361284582805,-51.05414101052378,macapa,AP
68909,0.095144527411579,-51.06451782900767,macapa,AP
68901,0.0257474182566252,-51.08009684372999,macapa,AP
68902,0.0323266698758011,-51.07083524512484,macapa,AP
68901,0.0258167984836372,-51.06823811887195,macapá,AP
68902,0.0130905226245418,-51.063937655326974,macapa,AP
68905,0.050292585175957,-51.04423502440003,macapá,AP
68901,0.0395689091693349,-51.08010832114224,macapa,AP
68915,0.8519268005936245,-51.17482578785246,ferreira gomes,AP
68902,0.0159444941011293,-51.06368504937492,macapá,AP
68900,0.0332386192457556,-51.07919824941381,macapa,AP
68909,0.0884134358423021,-51.04730438900078,macapa,AP
68902,0.0134707021957155,-51.06938180617214,macapá,AP
68902,0.0233224739141716,-51.07702225822045,macapá,AP
68997,0.7019709756661583,-51.40554586367916,porto grande,AP
68904,0.0103007315789934,-51.08185128574056,macapa,AP
68900,0.035252906267944,-51.05642305527,macapa,AP
68900,0.0390179058728975,-51.07043285036044,macapa,AP
68900,0.0338582213947642,-51.06061774086325,macapa,AP
68902,0.0212883458932293,-51.06076388509601,macapa,AP
68909,0.1000340180625539,-51.05972167237663,macapa,AP
68901,0.0309690000000045,-51.05617650000001,macapa,AP
68900,0.0397488987298048,-51.066890397935765,macapa,AP
68900,0.0418081568541364,-51.06254172346425,macapa,AP
68903,0.0062574917268703,-51.07534639156089,macapa,AP
68980,3.8420544502320113,-51.83603011478167,oiapoque,AP
68904,0.0109200199947078,-51.08302496500926,macapa,AP
68901,0.0337343686444192,-51.071408942962336,macapa,AP
68909,0.002814761635168,-51.0619290599053,macapa,AP
68908,0.0767880516375481,-51.08201802382317,macapa,AP
68900,0.0311912932569282,-51.06893137551641,macapa,AP
68908,0.0446949381570345,-51.055483337679895,macapa,AP
68901,0.0347755550330113,-51.06237039145566,macapa,AP
68905,0.0524520602358803,-51.04353536938599,macapa,AP
68900,0.0400110510053666,-51.06409654765266,macapa,AP
68904,0.0201970359137614,-51.08057219512045,macapá,AP
68902,0.0169304496674442,-51.06197764782893,macapá,AP
68900,0.0330814636694394,-51.07632060121565,macapa,AP
68900,0.0304412023632394,-51.05977173626002,macapa,AP
68900,0.031995168925009,-51.071441559005805,macapá,AP
68906,0.0311743049796806,-51.115275482964655,macapa,AP
68904,0.0132183339525277,-51.08553438961128,macapa,AP
68909,0.0825987682740862,-51.06224123172591,macapa,AP
68920,1.211469000000058,-53.045751499999966,laranjal do jari,AP
68909,0.0032289781757835,-51.06109698830506,macapa,AP
68900,0.0307411507862231,-51.06407688956876,macapa,AP
68904,0.0148096012597016,-51.08170906640639,macapa,AP
68902,0.0110574264688694,-51.07430865383726,macapa,AP
68945,0.7771879222276791,-51.95583223023856,amapari,AP
68900,0.0396172142026276,-51.05541288960522,macapa,AP
68908,0.0314530325927402,-51.05554088858784,macapa,AP
68901,0.0376538757991719,-51.05258706572337,macapa,AP
68909,0.0878849737227761,-51.041512739452735,macapa,AP
68980,3.8458058902639536,-51.830625791772846,oiapoque,AP
68908,0.0566671226941951,-51.0545035731815,macapa,AP
68902,0.0230387477044318,-51.07351416246212,macapá,AP
68909,0.1011801540045439,-51.06258215892739,macapa,AP
68903,0.0037175935876586,-51.06095157995029,macapa,AP
68900,0.0330141306419245,-51.06068651772248,macapa,AP
68901,0.0302004715218446,-51.055828958101706,macapa,AP
68901,0.0338348025058974,-51.08199426750197,macapa,AP
68909,0.0862834459279049,-51.04839352803764,macapá,AP
68902,0.023183984624749,-51.07350331142784,macapa,AP
68908,0.0694214999999983,-51.06859200000001,macapa,AP
68908,0.0570214033447727,-51.05359837018832,macapá,AP
68901,0.0186369297090898,-51.05736103588122,macapá,AP
68904,0.0186163640328727,-51.087058404002775,macapa,AP
68902,0.0230225460618884,-51.07323986591405,macapa,AP
68900,0.0351311536065873,-51.06334938255604,macapa,AP
68901,0.0359687591968564,-51.0753117374358,macapá,AP
68903,0.0025744240620198,-51.08362816492407,macapa,AP
68908,0.0552205746616687,-51.060284946850274,macapa,AP
68901,0.0408060798876257,-51.07438069907332,macapa,AP
68909,0.0943101997446246,-51.04719335799616,macapa,AP
68901,0.025954578942437,-51.060484251355554,macapa,AP
68908,0.0592849720431672,-51.057127943256575,macapa,AP
68905,0.0501989220299265,-51.04474913376895,macapa,AP
68997,0.7095103334642924,-51.41421804087462,porto grande,AP
68906,0.038681455099704,-51.09329456108808,macapa,AP
68904,0.0104719840002467,-51.075122022367495,macapa,AP
68900,0.0426676354959566,-51.07342951806466,macapa,AP
68901,0.0394582527208918,-51.08427217338189,macapa,AP
68906,0.0305579810810696,-51.11368113938225,macapa,AP
68903,0.0050977215859852,-51.07504316414999,macapa,AP
68908,0.0773084018389415,-51.0817201952169,macapá,AP
68902,0.018592244132838,-51.06704010018706,macapa,AP
68903,0.0058630735987749,-51.08540380958652,macapa,AP
68903,0.0025342908725621,-51.08402269006903,macapa,AP
68909,0.0931305008714985,-51.082652464555856,macapa,AP
68980,3.844931405069822,-51.83572213705836,oiapoque,AP
68902,0.015399199810154,-51.074092923448,macapa,AP
68901,0.0336385950253971,-51.06984342016543,macapa,AP
68900,0.0415267465291029,-51.0700792682425,macapa,AP
68901,0.0298206158101645,-51.07158188388559,macapa,AP
68900,0.0401160868419355,-51.052853994368725,macapá,AP
68980,3.835162133769166,-51.83065025360857,oiapoque,AP
68901,0.0326634955990598,-51.07277255324048,macapa,AP
68908,0.0538274888420219,-51.05303088705168,macapa,AP
68902,0.018232956877181,-51.07058083089706,macapá,AP
68980,3.844755235356787,-51.82940972236443,oiapoque,AP
68901,0.0404216231052731,-51.05336491772936,macapa,AP
68900,0.0332464088227638,-51.0655095584318,macapa,AP
68901,0.0250502093449911,-51.07000546471101,macapá,AP
68909,0.0937683491793769,-51.04264493719433,macapa,AP
68907,0.0857525000000691,-51.04185073199994,macapa,AP
68908,0.0639861812205255,-51.06010821517273,macapa,AP
68908,0.0509550774673376,-51.05212083396783,macapa,AP
68905,0.0473757855332431,-51.06662908716126,macapa,AP
68901,0.0309767179337956,-51.08261999518355,macapa,AP
68905,0.0475471681090708,-51.06680701329388,macapá,AP
68902,0.0110574264688694,-51.07430865383726,macapa,AP
68948,0.9042512387464248,-52.001564761253576,serra do navio,AP
68901,0.0415373666851422,-51.05692622741094,macapa,AP
68902,0.0204389469766622,-51.05919529889841,macapa,AP
68908,0.0582376132140913,-51.10106417687535,macapa,AP
68908,0.072872361802214,-51.05564565013089,macapa,AP
68906,0.0744194752995637,-51.07849991352539,macapa,AP
68920,1.211469000000058,-53.045751499999966,laranjal do jari,AP
68920,1.211469000000058,-53.045751499999966,laranjal do jari,AP
68909,0.002814761635168,-51.0619290599053,macapa,AP
68909,0.0952851150645518,-51.04716859097877,macapa,AP
68902,0.0137566197215346,-51.06279867058551,macapa,AP
68901,0.0335411401319673,-51.076861394036285,macapa,AP
68908,0.0752378408564404,-51.0871266143805,macapa,AP
68909,0.0928571306322919,-51.08281756175088,macapá,AP
68902,0.018232956877181,-51.07058083089706,macapá,AP
68908,0.051023957938428,-51.06273086700192,macapa,AP
68902,0.0157716759791612,-51.06804281197499,macapa,AP
68909,0.1002266119021311,-51.04202470451219,macapa,AP
68908,0.0611367929335626,-51.05639809469244,macapa,AP
68901,0.0273113543905369,-51.0587741501017,macapá,AP
68901,0.0274672786669624,-51.05875706804387,macapa,AP
68903,0.0079868545403402,-51.06812032450348,macapa,AP
68900,0.0378531559795407,-51.05816721523829,macapa,AP
68950,2.054092765888255,-50.79137254210519,amapa,AP
68909,0.0828178487509663,-51.069051962438,macapá,AP
68905,0.0505260000000077,-51.04704599999999,macapa,AP
68908,0.0712170000000066,-51.065397,macapá,AP
68909,0.1015652317189187,-51.04586198100556,macapa,AP
68900,0.0345998520815674,-51.055589540709065,macapa,AP
68901,0.0487743488005333,-51.04282816102548,macapa,AP
68908,0.0435009703412434,-51.06132132434472,macapá,AP
68904,0.0232862316714305,-51.08516940981246,macapa,AP
68900,0.0338915962244016,-51.05921214039302,macapa,AP
68901,0.0335411401319673,-51.076861394036285,macapa,AP
68908,0.0512937334951984,-51.05210027270899,macapa,AP
68900,0.0421987255260034,-51.06611908424089,macapa,AP
68904,0.0100863028697897,-51.07370927590094,macapa,AP
68902,0.0162009954381386,-51.06292327630244,macapa,AP
68909,0.0894823360283885,-51.04430341840318,macapá,AP
68900,0.0347837095331705,-51.07402012060819,macapá,AP
68906,0.0349717437610148,-51.062614502768845,macapá,AP
68902,0.0128877957837927,-51.07306653726511,macapa,AP
68908,0.0294958266193096,-51.05683255908721,macapa,AP
68902,0.0200806063626119,-51.069471215519535,macapa,AP
68906,0.0366615259014403,-51.091027967069536,macapa,AP
68901,0.0261076431312845,-51.06092222632901,macapa,AP
68903,0.0040050000000064,-51.08802640712048,macapa,AP
68900,0.0333194128696893,-51.06663156668114,macapa,AP
68902,0.0247441132367795,-51.06365797152718,macapa,AP
68980,3.84756162899155,-51.83614633198269,oiapoque,AP
68904,0.0193644886609578,-51.08433895113125,macapa,AP
68901,0.0359123863081954,-51.07453600034711,macapa,AP
68900,0.0378077796552883,-51.05313279535852,macapa,AP
68915,0.854365698160254,-51.18354571752482,ferreira gomes,AP
68904,0.0194624281444081,-51.079934483443566,macapá,AP
68909,0.0872013344141559,-51.04445628530052,macapa,AP
68908,0.0459842089780716,-51.064840192762624,macapa,AP
68900,0.0353869185751485,-51.05478811349376,macapá,AP
68980,3.84756162899155,-51.83614633198269,oiapoque,AP
68901,0.0275216245979245,-51.07274561510981,macapa,AP
68905,0.0094093544158063,-51.09333520556412,macapá,AP
68903,0.0063533144180311,-51.0753447250793,macapa,AP
68900,0.0420944294554157,-51.06626926861695,macapa,AP
68905,0.0473757855332431,-51.06662908716126,macapa,AP
68900,0.0406839202840212,-51.069019907033606,macapá,AP
68900,0.0330176149945938,-51.0607519945164,macapa,AP
68901,0.0144780672257931,-51.057359477976384,macapá,AP
68908,0.055467085682436,-51.05618123992249,macapa,AP
68900,0.036851257101532,-51.0646782336212,macapa,AP
68902,0.0236722977864977,-51.06509169561239,macapa,AP
68980,3.847828700552992,-51.83541660772623,oiapoque,AP
68900,0.0301661233253606,-51.064340206560246,macapa,AP
68901,0.0366509525636168,-51.07408998597744,macapa,AP
68903,0.0079868545403402,-51.06812032450348,macapa,AP
68908,0.0457110505990445,-51.06096097940113,macapa,AP
68900,0.0327660087999947,-51.05757937436132,macapa,AP
68909,0.0842672054512282,-51.06154728298081,macapa,AP
68902,0.0078615897626601,-51.08000547431369,macapa,AP
68909,0.1022532093641046,-51.049393755922495,macapá,AP
68908,0.0485135159931027,-51.06130358875446,macapa,AP
68915,0.8607728190053747,-51.17981476652066,ferreira gomes,AP
68915,0.8519268005936245,-51.17482578785246,ferreira gomes,AP
68904,0.0166876364960192,-51.07834198411296,macapa,AP
68901,0.0255461815413687,-51.07762671716895,macapa,AP
68903,0.0025153207679017,-51.08226878915935,macapá,AP
68909,0.100899175300126,-51.04418043556407,macapa,AP
68906,0.0299638252450972,-51.11660913495099,macapá,AP
68906,0.0742049999999975,-51.04985174999999,macapa,AP
68980,3.83914560900836,-51.82296050345615,oiapoque,AP
68908,0.0453028047200572,-51.05554334596042,macapa,AP
68908,0.0608277649624814,-51.05378191021416,macapa,AP
68901,0.0299821326422616,-51.06321395291361,macapa,AP
68997,0.712189901617656,-51.40920412961348,porto grande,AP
68908,0.0552978533477277,-51.05155197528445,macapá,AP
68985,3.816169956647809,-51.86318485119319,clevelandia do norte,AP
68900,0.030210680849902,-51.06667775730472,macapa,AP
68904,0.0089233078053238,-51.081010736874696,macapa,AP
68906,0.0367884785807841,-51.087228888038446,macapa,AP
68904,0.0504809362731257,-51.05463475332351,macapa,AP
68904,0.0083338790891879,-51.08064979137391,macapá,AP
68907,0.0857525000000691,-51.04185073199994,macapa,AP
68905,0.0441803811713236,-51.050254372065154,macapa,AP
68903,0.004573620174489,-51.08966718046353,macapá,AP
68900,0.0446529204440089,-51.054495945049794,macapá,AP
68908,0.0864297307809641,-51.08348159966581,macapa,AP
68902,0.0221217044780391,-51.0726014414292,macapa,AP
68901,0.0422288841417096,-51.07837472830841,macapa,AP
68900,0.036851257101532,-51.0646782336212,macapa,AP
68901,0.0230413441315793,-51.06271787963208,macapa,AP
68906,0.0296332937399996,-51.11554965985568,macapa,AP
68906,0.0366502551916275,-51.08690038477514,macapá,AP
68905,0.050361974479513,-51.0452800649374,macapa,AP
68901,0.0395689091693349,-51.08010832114224,macapa,AP
68900,0.0416708185636918,-51.07059765341798,macapa,AP
68909,0.1018510752872661,-51.064080688544,macapa,AP
68909,0.0998041048593867,-51.04519285145484,macapa,AP
68980,3.8379597757191153,-51.82838277605815,oiapoque,AP
68900,0.0332684703076681,-51.07980478354273,macapa,AP
68980,3.8420544502320113,-51.83603011478167,oiapoque,AP
68902,0.0204549727821823,-51.05945989740986,macapa,AP
68909,0.095678595439684,-51.0460948203484,macapa,AP
68900,0.0334373953304241,-51.06856984996464,macapa,AP
68901,0.031212191797078,-51.07287095198905,macapa,AP
68915,0.8610695393665506,-51.1777999038988,ferreira gomes,AP
68900,0.0420875996043606,-51.07742350318815,macapá,AP
68902,0.0109666764848613,-51.0700371607311,macapa,AP
68909,0.09197076872634,-51.04905773842234,macapa,AP
68900,0.0158628196913635,-51.067791666562286,macapa,AP
68901,0.0405134558883272,-51.07926797621609,macapa,AP
68904,0.0213305069032005,-51.08047886293952,macapa,AP
68908,0.0728316236859011,-51.06515713985348,macapa,AP
68908,0.0781116604252898,-51.07211100000001,macapa,AP
68909,0.0938434587040775,-51.05612937599791,macapa,AP
68908,0.0579105684049915,-51.05436233535694,macapa,AP
68960,2.495396126001852,-50.949623240616056,calcoene,AP
68900,0.0333754467310489,-51.0547000819085,macapá,AP
68908,0.0452871204875552,-51.05285617154153,macapa,AP
68901,0.0395689091693349,-51.08010832114224,macapa,AP
68903,0.0083611441695115,-51.07640617689041,macapa,AP
68903,0.0018878590456775,-51.09310105230903,macapa,AP
68900,0.0355301936684192,-51.06644188907336,macapa,AP
68903,0.0052236173793786,-51.07818961737939,macapa,AP
68908,0.0446645398026725,-51.0697891198716,macapá,AP
68905,0.0491970205914775,-51.04532488070438,macapá,AP
68900,0.0370299131788443,-51.06706409334494,macapa,AP
68901,0.0395689091693349,-51.08010832114224,macapa,AP
68948,0.8926980000000526,-51.99922249999996,serra do navio,AP
68904,0.022603787513752,-51.08034372234136,macapa,AP
68908,0.0556513044166471,-51.05861633276977,macapa,AP
68909,0.1017270000000073,-51.0486525,macapa,AP
68901,0.0235628397780887,-51.06096154581446,macapa,AP
68909,0.002814761635168,-51.0619290599053,macapa,AP
68900,0.0313515510124434,-51.06217670025981,macapa,AP
68902,0.0090418414121989,-51.07432880296869,macapa,AP
68900,0.0350771909615588,-51.053305601353344,macapa,AP
68900,0.0420682846088173,-51.07721370370448,macapa,AP
68900,0.0321083701296011,-51.071417296891184,macapa,AP
68909,0.0966330141801855,-51.04510880722487,macapa,AP
68908,0.0488016275255524,-51.05726431528002,macapa,AP
68908,0.0733581101855621,-51.079478218728106,macapa,AP
68900,0.0361870695306714,-51.05324612121865,macapa,AP
68902,0.0164436892277353,-51.06628205313001,macapa,AP
68900,0.0425342633199116,-51.059442522760506,macapá,AP
68900,0.0307578544475214,-51.06226602069104,macapá,AP
68909,0.0848606404095101,-51.05894200114759,macapa,AP
68903,0.0194248584924263,-51.07443742978368,macapa,AP
68902,0.0210206107658764,-51.06846894644609,macapa,AP
68908,0.0558584676509238,-51.053620090538736,macapá,AP
68900,0.03771713018088,-51.05185637271649,macapa,AP
68902,0.015559757317101,-51.06371940087349,macapa,AP
68908,0.0749694703935755,-51.05765366245337,macapa,AP
68901,0.0373906038139798,-51.07080521794845,macapa,AP
68901,0.0265840068873201,-51.06855800058754,macapa,AP
68903,0.0077540174856489,-51.06845692589776,macapa,AP
68900,0.029947153027888,-51.0610919683487,macapa,AP
68905,0.0496675157573699,-51.04541865337784,macapa,AP
68902,0.0115351286540664,-51.06272793454359,macapa,AP
68909,0.0962353957421287,-51.05533564683405,macapa,AP
68909,0.0798783269444763,-51.0609384943736,macapa,AP
68980,3.8488668865726,-51.83263468355707,oiapoque,AP
68903,0.0032973438256775,-51.08986026553772,macapa,AP
68908,0.0437788051782568,-51.0651441014117,macapa,AP
68903,0.0035775000000038,-51.07318874999999,macapa,AP
68903,0.0066679739251859,-51.08073903406799,macapa,AP
68920,1.211469000000058,-53.045751499999966,laranjal do jari,AP
68903,0.0025502454416987,-51.08307205665668,macapa,AP
68908,0.0536462812505646,-51.05400209180409,macapa,AP
68980,3.84377083505385,-51.83281189929265,oiapoque,AP
68901,0.0310116183675471,-51.07877809612552,macapa,AP
68901,0.0364021891794261,-51.07085272294918,macapa,AP
68908,0.0540267465320726,-51.05767446913155,macapa,AP
68908,0.047951004482364,-51.056962863276496,macapa,AP
68901,0.0293974183571713,-51.06601245949406,macapa,AP
68904,0.022603787513752,-51.08034372234136,macapa,AP
68909,0.0790454918817971,-51.06544586017724,macapa,AP
68902,0.0217711595420049,-51.07740784319977,macapa,AP
68908,0.0639861812205255,-51.06010821517273,macapá,AP
68902,0.016721735774897,-51.07112088580372,macapa,AP
68900,0.0413014565213967,-51.06586398486928,macapá,AP
68900,0.0390720669078983,-51.07120633764154,macapa,AP
68900,0.0329738693580683,-51.06208398227753,macapá,AP
68900,0.034605010160603,-51.05653215279985,macapa,AP
68901,0.048121769953327,-51.05426325750148,macapá,AP
68909,0.0969019480064641,-51.04212437961818,macapa,AP
68904,0.0111271176397131,-51.08729517650418,macapa,AP
68997,0.7026133606699106,-51.39782964325954,porto grande,AP
68902,0.0155631021915462,-51.06984770300997,macapa,AP
68900,0.0456293044824117,-51.05117088839538,macapá,AP
68903,0.0082550021939448,-51.067955185653695,macapa,AP
68902,0.0237035024770449,-51.05988177464124,macapá,AP
68909,0.1011801540045439,-51.06258215892739,macapa,AP
68980,3.818921867158104,-51.84653082357079,oiapoque,AP
68903,0.0040050000000064,-51.08802640712048,macapa,AP
68909,0.1010654999999975,-51.05935800000001,macapa,AP
68902,0.0204654707545045,-51.06130631537551,macapá,AP
68909,0.0528932860073268,-51.04462950923088,macapa,AP
68980,3.8470588208864633,-51.83658969479858,oiapoque,AP
68901,0.0407801344840366,-51.07646884217522,macapa,AP
68997,0.7079506226973195,-51.40902585234149,porto grande,AP
68903,0.0064480732095377,-51.07818961737939,macapa,AP
68909,0.0902373702503887,-51.08772380172133,macapa,AP
68915,0.8607728190053747,-51.17981476652066,ferreira gomes,AP
68901,0.0378583103848732,-51.07699053234919,macapa,AP
68909,0.0895782137308847,-51.08558428017533,macapa,AP
68906,0.0366615259014403,-51.091027967069536,macapa,AP
68909,0.0952851150645518,-51.04716859097877,macapa,AP
68903,0.0092422108167706,-51.06605204836135,macapá,AP
68901,0.0247567317488473,-51.075329246539525,macapa,AP
68901,0.0173068089146111,-51.05750669969986,macapa,AP
68900,0.0378077796552883,-51.05313279535852,macapa,AP
68901,0.0391312801740271,-51.05779307955804,macapa,AP
68900,0.0404925948273379,-51.06779262530478,macapa,AP
68901,0.0264786655320851,-51.06643151287686,macapa,AP
69313,2.8175952424471613,-60.72869887557876,boa vista,RR
69306,2.8338823112209,-60.669114769816346,boa vista,RR
69310,2.8360084264558445,-60.7115799582225,boa vista,RR
69314,2.815559357017278,-60.73721031436043,boa vista,RR
69301,2.814076567618629,-60.669130287186405,boa vista,RR
69303,2.803298771665072,-60.67586684273407,boa vista,RR
69301,2.8253937950584374,-60.67822576095939,boa vista,RR
69307,2.8599291953648303,-60.66381222549073,boa vista,RR
69317,2.8106639999999974,-60.77373299999999,boa vista,RR
69316,2.7976063034875818,-60.7544596597945,boa vista,RR
69340,2.447163040436988,-60.915687025222496,mucajai,RR
69316,2.805708977694499,-60.7584570246874,boa vista,RR
69345,4.478177872752856,-61.146898612175775,pacaraima,RR
69311,2.8446247498571755,-60.71271864921888,boa vista,RR
69307,2.8475372229960487,-60.66083470354248,boa vista,RR
69307,2.859331102729416,-60.66764032649031,boa vista,RR
69307,2.858007524367973,-60.659332621119205,boa vista,RR
69304,2.824144071049988,-60.68417493516819,boa vista,RR
69309,2.8129965381058715,-60.695263819342856,boa vista,RR
69309,2.8229463703327844,-60.69834824601904,boa vista,RR
69301,2.819167386640474,-60.67042729993768,boa vista,RR
69303,2.809130793587568,-60.67617826467629,boa vista,RR
69380,3.358232038406536,-59.82905657641652,bonfim,RR
69375,0.9474326061240574,-59.91224017724325,sao joao da baliza,RR
69311,2.8415305273869595,-60.71228241783911,boa vista,RR
69301,2.8238161883890927,-60.67821401958781,boa vista,RR
69316,2.7732736392806574,-60.71442072798434,boa vista,RR
69301,2.821324863534413,-60.66632287477008,boa vista,RR
69307,2.861416528281058,-60.65623392839853,boa vista,RR
69304,2.834684869605617,-60.67608180725568,boa vista,RR
69312,2.8158766541500504,-60.72399104939088,boa vista,RR
69350,2.994115192279059,-61.311676632930016,alto alegre,RR
69307,2.86339824907184,-60.66348597839067,boa vista,RR
69305,2.830159585947976,-60.67595449823801,boa vista,RR
69309,2.816700130744827,-60.70991308736752,boa vista,RR
69314,2.817158513264863,-60.73659554931008,boa vista,RR
69309,2.816481193511386,-60.70497699844653,boa vista,RR
69313,2.8248395856017927,-60.72470431402706,boa vista,RR
69370,1.0163118199718604,-60.03970494327236,sao luiz,RR
69309,2.808642268150559,-60.69847438002092,boa vista,RR
69314,2.8478713271880256,-60.72446857941216,boa vista,RR
69306,2.8325478446995738,-60.66633457989922,boa vista,RR
69375,0.9537091268373205,-59.91338309925672,sao joao da baliza,RR
69309,2.8129965381058715,-60.695263819342856,boa vista,RR
69301,2.8251564661613555,-60.66546430768149,boa vista,RR
69308,2.7987560531237485,-60.6857380295209,boa vista,RR
69301,2.8178168652153937,-60.66887886893148,boa vista,RR
69312,2.789670664140503,-60.69908873377849,boa vista,RR
69306,2.845409563489452,-60.66249086326206,boa vista,RR
69312,2.7968525178911583,-60.714582675088806,boa vista,RR
69307,2.862317740577338,-60.657232551498666,boa vista,RR
69312,2.829157517540032,-60.71998935596238,boa vista,RR
69312,2.7992953282476973,-60.71903290848469,boa vista,RR
69306,2.833059120237298,-60.65742345066036,boa vista,RR
69317,2.845341151662371,-60.74288515305041,boa vista,RR
69301,2.824867816794604,-60.67227506047682,boa vista,RR
69304,2.819417113360541,-60.69142505333499,boa vista,RR
69314,2.816955203052748,-60.73824754809456,boa vista,RR
69316,2.771944120756608,-60.72969540678384,boa vista,RR
69313,2.807497376954223,-60.720409137160885,boa vista,RR
69317,2.8041315560172992,-60.7633022931432,boa vista,RR
69314,2.801349426416727,-60.743400660108,boa vista,RR
69312,2.815507109841032,-60.72469481352466,boa vista,RR
69309,2.807549199498017,-60.70666628890642,boa vista,RR
69312,2.826552760316124,-60.71356986431569,boa vista,RR
69312,2.7974462900620134,-60.71665373537331,boa vista,RR
69375,0.9533071583073792,-59.91267451015852,sao joao da baliza,RR
69304,2.8208603212673085,-60.692434750012346,boa vista,RR
69360,1.8250792193261864,-61.13097372841852,caracarai,RR
69307,2.850799615732017,-60.655593625613854,boa vista,RR
69312,2.8170125363590497,-60.71448902697557,boa vista,RR
69304,2.824144071049988,-60.68417493516819,boa vista,RR
69303,2.8054078268413827,-60.675827925754696,boa vista,RR
69301,2.844044921010504,-60.64768463363993,boa vista,RR
69309,2.8193683892919723,-60.712120283416745,boa vista,RR
69309,2.8142051579950564,-60.6986318785526,boa vista,RR
69306,2.8364386838304494,-60.66320907512888,boa vista,RR
69310,2.837413459782961,-60.71205072024652,boa vista,RR
69307,2.853307431306212,-60.655296463236944,boa vista,RR
69301,2.822318348430835,-60.67052243449319,boa vista,RR
69309,2.816494392069416,-60.705704422717886,boa vista,RR
69305,2.834887221413152,-60.67870412595019,boa vista,RR
69301,2.826029854521305,-60.67144503636968,boa vista,RR
69308,2.8009102839203344,-60.68267527691812,boa vista,RR
69314,2.838588009897371,-60.72621469494839,boa vista,RR
69307,2.863595789496428,-60.663316555033816,boa vista,RR
69309,2.8129965381058715,-60.695263819342856,boa vista,RR
69312,2.82738867197104,-60.71264677250064,boa vista,RR
69305,2.829054911449405,-60.66984989000037,boa vista,RR
69303,2.8039375538291886,-60.67730248763375,boa vista,RR
69305,2.8429465430694965,-60.67044623759208,boa vista,RR
69378,0.8725478790920409,-59.697477153851466,caroebe,RR
69316,2.771046168054865,-60.72175026125855,boa vista,RR
69316,2.7677896367010795,-60.72430240868036,boa vista,RR
69375,0.9594640953976477,-59.91058011907953,sao joao da baliza,RR
69305,2.768600000000049,-60.70599999999996,boa vista,RR
69312,2.803790438373146,-60.70345106653915,boa vista,RR
69312,2.815979447705366,-60.72035800423736,boa vista,RR
69307,2.864813707028363,-60.67150686713296,boa vista,RR
69312,2.8269467696894943,-60.71383173022199,boa vista,RR
69317,2.817878886356583,-60.76059530498283,boa vista,RR
69378,0.8794221728757968,-59.69974467182991,caroebe,RR
69312,2.7990701432483065,-60.71834940733008,boa vista,RR
69311,2.850008134883531,-60.71094079867333,boa vista,RR
69309,2.8243028520453777,-60.70348808544993,boa vista,RR
69373,0.9361388118315578,-60.42684843549467,rorainopolis,RR
69311,2.850033561883989,-60.71298962924183,boa vista,RR
69314,2.8351613889744893,-60.73436167624213,boa vista,RR
69303,2.808768970987451,-60.6803409946078,boa vista,RR
69304,2.820722204453777,-60.68639300450169,boa vista,RR
69309,2.808815678510122,-60.691219547798426,boa vista,RR
69309,2.8142745860603235,-60.71162200663275,boa vista,RR
69313,2.817058194090477,-60.73629994990576,boa vista,RR
69312,2.818452188560482,-60.71666041595178,boa vista,RR
69345,4.482241762160657,-61.14267182086014,pacaraima,RR
69312,2.81134170530106,-60.72511964217865,boa vista,RR
69303,2.809742697617545,-60.67921699297883,boa vista,RR
69306,2.8240748853871884,-60.66709544785346,boa vista,RR
69312,2.803790438373146,-60.70345106653915,boa vista,RR
69315,2.824108084494221,-60.6896469152829,boa vista,RR
69307,2.8599291953648303,-60.66381222549073,boa vista,RR
69309,2.813085647854657,-60.70600869673317,boa vista,RR
69304,2.824237370632209,-60.68842582660069,boa vista,RR
69317,2.8166644409254515,-60.76623422111225,boa vista,RR
69309,2.8092160444459604,-60.7025782155288,boa vista,RR
69305,2.831379005217693,-60.68489113215059,boa vista,RR
69312,2.807436590448344,-60.715156765154106,boa vista,RR
69310,2.834139710646462,-60.68692796220663,boa vista,RR
69308,2.793755569333399,-60.68320490308282,boa vista,RR
69301,2.822246366355024,-60.670128237439904,boa vista,RR
69309,2.811487292619158,-60.69560885197088,boa vista,RR
69314,2.8146699247596905,-60.74037313466009,boa vista,RR
69370,1.0177293214733416,-60.0370752199252,sao luiz,RR
69301,2.8158930729918,-60.66881693217013,boa vista,RR
69314,2.80950834569242,-60.74152656530114,boa vista,RR
69312,2.829838376463583,-60.717751732594834,boa vista,RR
69309,2.812182731944023,-60.6999684256829,boa vista,RR
69317,2.802528798263583,-60.753927784984064,boa vista,RR
69378,0.794581839995593,-59.41373401258128,caroebe,RR
69350,2.98704283308845,-61.30831084316106,alto alegre,RR
69305,2.833675613884628,-60.67085588783783,boa vista,RR
69313,2.84575592859446,-60.7189308967179,boa vista,RR
69306,2.834830997297315,-60.66304967531296,boa vista,RR
69305,2.825759092008223,-60.66346080157757,boa vista,RR
69306,2.8435354280313145,-60.663113698009255,boa vista,RR
69360,1.7456640000000547,-61.14900049999996,caracarai,RR
69360,1.823666410632667,-61.13605653089469,caracarai,RR
69309,2.8107682352203622,-60.71109391514239,boa vista,RR
69316,2.793960023900896,-60.7446429947268,boa vista,RR
69306,2.8325478446995738,-60.66633457989922,boa vista,RR
69301,2.827834080335867,-60.67627036270678,boa vista,RR
69312,2.809148721115456,-60.713479059212354,boa vista,RR
69309,2.8133496390118173,-60.701958971150056,boa vista,RR
69311,2.849001812533969,-60.70962050477439,boa vista,RR
69309,2.813215737128348,-60.705709108024685,boa vista,RR
69303,2.812650519511109,-60.68160473564316,boa vista,RR
69305,2.835301463078433,-60.67258212930882,boa vista,RR
69314,2.824455349037078,-60.72786781728459,boa vista,RR
69307,2.8532563202390926,-60.6611703190528,boa vista,RR
69309,2.813085647854657,-60.70600869673317,boa vista,RR
69309,2.8105444697508744,-60.6977491739624,boa vista,RR
69305,2.8283287302787388,-60.66646198366247,boa vista,RR
69306,2.8286848133202227,-60.663875822829525,boa vista,RR
69313,2.848701380375036,-60.72709047588037,boa vista,RR
69311,2.843000451620798,-60.71101139355953,boa vista,RR
69312,2.8356861927045727,-60.71432702173541,boa vista,RR
69304,2.828870808764268,-60.69093379073957,boa vista,RR
69309,2.8108045506843515,-60.6975091379701,boa vista,RR
69306,2.8286848133202227,-60.663875822829525,boa vista,RR
69304,2.820051547520632,-60.69460101374301,boa vista,RR
69313,2.847171428426724,-60.726677295086986,boa vista,RR
69312,2.8242822540160395,-60.71353120898366,boa vista,RR
69310,2.842498188179924,-60.70790756673612,boa vista,RR
69312,2.81134170530106,-60.72511964217865,boa vista,RR
69317,2.812532865450033,-60.7636877260004,boa vista,RR
69301,2.8138400094500167,-60.67224111828101,boa vista,RR
69307,2.8615692923542584,-60.666253295566136,boa vista,RR
69310,2.8351674388031087,-60.70989127374256,boa vista,RR
69312,2.799952117895096,-60.70090094672717,boa vista,RR
69309,2.8113413340895947,-60.695803928697295,boa vista,RR
69314,2.817245372564097,-60.73511088628759,boa vista,RR
69355,3.880957835417873,-59.6316390457584,normandia,RR
69306,2.836116767551037,-60.65971474333738,boa vista,RR
69313,2.8243583221249224,-60.72202007878021,boa vista,RR
69313,2.832110552902904,-60.721190256873776,boa vista,RR
69301,2.820669869217681,-60.67508798891266,boa vista,RR
69312,2.8239801028407285,-60.719245496857226,boa vista,RR
69340,2.436645120804142,-60.91880252392764,mucajai,RR
69314,2.8243353660738846,-60.733203915433926,boa vista,RR
69313,2.8189647365990487,-60.72495511970072,boa vista,RR
69304,2.822715065148906,-60.68055754963797,boa vista,RR
69370,1.0153692137277366,-60.03618530753079,sao luiz,RR
69307,2.851913547272418,-60.65997984320482,boa vista,RR
69303,2.8146650749837803,-60.682890686293824,boa vista,RR
69305,2.837355873849658,-60.6700569318875,boa vista,RR
69312,2.8011249953939337,-60.70644478041128,boa vista,RR
69301,2.8194115104474355,-60.668864989463565,boa vista,RR
69309,2.807784254651022,-60.6994106886795,boa vista,RR
69313,2.831017541560085,-60.71616525295019,boa vista,RR
69312,2.7990701432483065,-60.71834940733008,boa vista,RR
69306,2.834394361762836,-60.668802621191816,boa vista,RR
69308,2.791701003400755,-60.69292083047836,boa vista,RR
69360,1.817182342391592,-61.13281580284705,caracarai,RR
69306,2.8409886811518503,-60.66642457057056,boa vista,RR
69301,2.81888876539131,-60.67793920821789,boa vista,RR
69307,2.844742417617141,-60.65287410326791,boa vista,RR
69307,2.864274875621507,-60.66519266671544,boa vista,RR
69312,2.830880707160787,-60.70894168297112,boa vista,RR
69305,2.833562097492321,-60.68599675930192,boa vista,RR
69301,2.82671738139648,-60.66721792462618,boa vista,RR
69306,2.823429683416518,-60.66208459725867,boa vista,RR
69309,2.8192616809065534,-60.70287937712232,boa vista,RR
69307,2.842438224414832,-60.651412936446455,boa vista,RR
69312,2.8310402728164723,-60.71640575583345,boa vista,RR
69305,2.840013426348749,-60.6711779929622,boa vista,RR
69313,2.847487920451672,-60.71624822143011,boa vista,RR
69314,2.8317074822598896,-60.73520941149058,boa vista,RR
69375,0.9438488428381456,-59.91190931260727,sao joao da baliza,RR
69309,2.8186085602031192,-60.70000658192208,boa vista,RR
69305,2.8369450547471264,-60.67233451656637,boa vista,RR
69307,2.8567477152946,-60.66555679745276,boa vista,RR
69304,2.826144796905368,-60.68863527744583,boa vista,RR
69317,2.7982073762788606,-60.75865655264249,boa vista,RR
69313,2.831794925211673,-60.72425327724219,boa vista,RR
69313,2.831294780921715,-60.72331428113772,boa vista,RR
69304,2.822920569869551,-60.6803161265824,boa vista,RR
69312,2.834483327565479,-60.7035662159607,boa vista,RR
69301,2.825701489643142,-60.67455253591657,boa vista,RR
69305,2.831187947279123,-60.677818289013885,boa vista,RR
69312,2.822209949767686,-60.71489882325292,boa vista,RR
69301,2.819167386640474,-60.67042729993768,boa vista,RR
69304,2.830135595127118,-60.69136874850597,boa vista,RR
69303,2.813051363324696,-60.67859877519602,boa vista,RR
69307,2.856172239338436,-60.633610460026205,boa vista,RR
69307,2.8572297151765444,-60.65666926387448,boa vista,RR
69309,2.81446175171564,-60.70467322868691,boa vista,RR
69373,0.9413280343002576,-60.441298578896856,rorainópolis,RR
69307,2.860029271021271,-60.66866345650614,boa vista,RR
69305,2.837151722120412,-60.67961084402845,boa vista,RR
69350,2.989943849194316,-61.31462786432408,alto alegre,RR
69314,2.816955203052748,-60.73824754809456,boa vista,RR
69373,0.9351545345131416,-60.4273872953395,rorainopolis,RR
69313,2.8055860369304377,-60.71611902770875,boa vista,RR
69304,2.8197832831478324,-60.69516018654385,boa vista,RR
69314,2.8284833149470296,-60.73150322257637,boa vista,RR
69313,2.813952339957715,-60.73724652517232,boa vista,RR
69316,2.7688540941450643,-60.72913565369708,boa vista,RR
69306,2.838981210579032,-60.65710372923783,boa vista,RR
69301,2.8270598828591176,-60.674740207965215,boa vista,RR
69304,2.8273696856160604,-60.69048635594557,boa vista,RR
69312,2.8086573742522463,-60.71837782491027,boa vista,RR
69312,2.794483422218641,-60.712376851518826,boa vista,RR
69312,2.82571232742504,-60.69762555419151,boa vista,RR
69316,2.771246015027192,-60.73414623397823,boa vista,RR
69313,2.8245954064070062,-60.72725511838251,boa vista,RR
69305,2.8446173679973703,-60.66910787824984,boa vista,RR
69307,2.851904827588308,-60.65642950354327,boa vista,RR
69313,2.8050816571067103,-60.72000103794014,boa vista,RR
69309,2.81955697324222,-60.698608575598,boa vista,RR
69308,2.7968991947001327,-60.68117157448303,boa vista,RR
69312,2.8144058072644285,-60.73004187862161,boa vista,RR
69313,2.844574197889564,-60.72158719761649,boa vista,RR
69301,2.8265903170521183,-60.66707815384738,boa vista,RR
69304,2.824161261329575,-60.69197313435704,boa vista,RR
69305,2.8313439816097774,-60.67011834425118,boa vista,RR
69378,0.8794221728757968,-59.69974467182991,caroebe,RR
69317,2.815889551799588,-60.75727155289118,boa vista,RR
69312,2.8277477777317075,-60.7134140012871,boa vista,RR
69303,2.808768970987451,-60.6803409946078,boa vista,RR
69313,2.839895910596044,-60.71157811595929,boa vista,RR
69309,2.8129965381058715,-60.695263819342856,boa vista,RR
69305,2.8377498077922443,-60.6765023349852,boa vista,RR
69310,2.834317020038821,-60.70598525648613,boa vista,RR
69306,2.807551612778968,-60.71126978639745,boa vista,RR
69303,2.8069707429081725,-60.68500661505793,boa vista,RR
69305,2.8337268804121054,-60.68064464877361,boa vista,RR
69317,2.8154727364407126,-60.75776660868232,boa vista,RR
69312,2.839269839835636,-60.708340012719056,boa vista,RR
69380,3.366766135931956,-59.833974553403806,bonfim,RR
69305,2.830051953399953,-60.67727139146351,boa vista,RR
69301,2.8138400094500167,-60.67224111828101,boa vista,RR
69312,2.806250278291371,-60.71414568328404,boa vista,RR
69312,2.8074795637724224,-60.71553037099384,boa vista,RR
69306,2.8355318757252883,-60.65818199373057,boa vista,RR
69313,2.821287606515392,-60.72595105920691,boa vista,RR
69314,2.825281451702662,-60.733763553788144,boa vista,RR
69310,2.834139710646462,-60.68692796220663,boa vista,RR
69301,2.825327106178698,-60.67727550240037,boa vista,RR
69307,2.847316495750359,-60.65588858825747,boa vista,RR
69314,2.8317231436462893,-60.731981905806,boa vista,RR
69312,2.789670664140503,-60.69908873377849,boa vista,RR
69307,2.852810533455992,-60.66151937070013,boa vista,RR
69316,2.7704009665597025,-60.73250357066743,boa vista,RR
69314,2.8283210876061418,-60.72785561230183,boa vista,RR
69309,2.809690204194087,-60.69323651035179,boa vista,RR
69313,2.849353560688167,-60.72474661752266,boa vista,RR
69309,2.8110853531427367,-60.70415627589174,boa vista,RR
69314,2.816612740011884,-60.74349533336432,boa vista,RR
69312,2.8075847713395787,-60.71363614543521,boa vista,RR
69307,2.85143338475852,-60.654283897442,boa vista,RR
69314,2.8161276632938765,-60.743299751868,boa vista,RR
69378,0.8837306315630847,-59.69580690592949,caroebe,RR
69314,2.8161276632938765,-60.743299751868,boa vista,RR
69305,2.8448150582444622,-60.67156921983801,boa vista,RR
69304,2.827549481364803,-60.693522516060064,boa vista,RR
69309,2.815210293227953,-60.70111707720853,boa vista,RR
69312,2.801780798894302,-60.7100497152629,boa vista,RR
69309,2.813243285210873,-60.69267346313233,boa vista,RR
69373,0.9389631189380642,-60.43002519042639,rorainopolis,RR
69316,2.770997387683088,-60.72619454991441,boa vista,RR
69312,2.818056301091401,-60.72101219349306,boa vista,RR
69370,1.0100252278930542,-60.03777279334968,sao luiz,RR
69375,0.9491545010949756,-59.914220159080216,sao joao da baliza,RR
69345,4.474524405461255,-61.14789559453875,pacaraima,RR
69307,2.8569214863148464,-60.66509790020268,boa vista,RR
69309,2.8133496390118173,-60.701958971150056,boa vista,RR
69310,2.846574705936853,-60.70234567367084,boa vista,RR
69303,2.8064987242166954,-60.677066916810574,boa vista,RR
69307,2.8569214863148464,-60.66509790020268,boa vista,RR
69311,2.85227042697483,-60.71401436138896,boa vista,RR
69306,2.839150395941916,-60.65906910950989,boa vista,RR
69312,2.8059944556936194,-60.71334948962217,boa vista,RR
69305,2.8424736491110867,-60.67068447974121,boa vista,RR
69312,2.8171647493531835,-60.72151314067696,boa vista,RR
69314,2.8233132192801187,-60.733886691477615,boa vista,RR
69303,2.809374213498608,-60.68154645691611,boa vista,RR
69301,2.8253937950584374,-60.67822576095939,boa vista,RR
69311,2.845166461919647,-60.71089360017781,boa vista,RR
69313,2.857464330924013,-60.72222115937015,boa vista,RR
69301,2.823105609590836,-60.67309396148327,boa vista,RR
69301,2.820440000000076,-60.67217999999997,boa vista,RR
69306,2.8334975160108526,-60.66528388403437,boa vista,RR
69314,2.801349426416727,-60.743400660108,boa vista,RR
69305,2.849495300183143,-60.66669397944757,boa vista,RR
69307,2.862506761150994,-60.65706400113091,boa vista,RR
69307,2.858149148653616,-60.66200762957051,boa vista,RR
69348,2.1699931683766027,-61.05131845530793,iracema,RR
69340,2.4348660000000564,-61.02704149999997,mucajai,RR
69307,2.859186384920076,-60.66981429678002,boa vista,RR
69305,2.846187056709549,-60.664534383264304,boa vista,RR
69301,2.842156627787063,-60.65408944929359,boa vista,RR
69310,2.833463694618932,-60.70873375907539,boa vista,RR
69301,2.813777763172701,-60.672342074792496,boa vista,RR
69304,2.826144796905368,-60.68863527744583,boa vista,RR
69313,2.8481386403336235,-60.72470383090723,boa vista,RR
69313,2.8248395856017927,-60.72470431402706,boa vista,RR
69307,2.8486175867979,-60.65698161405126,boa vista,RR
69317,2.8111314220055696,-60.77579919723802,boa vista,RR
69313,2.845715842917647,-60.721840084134605,boa vista,RR
69313,2.8432076599843734,-60.72889148138504,boa vista,RR
69303,2.808801918199655,-60.67842731665441,boa vista,RR
69309,2.811451434163453,-60.70127054942903,boa vista,RR
69314,2.829781025928249,-60.732629378755554,boa vista,RR
69309,2.812802030512243,-60.69654935714176,boa vista,RR
69304,2.824846526763601,-60.692576986938406,boa vista,RR
69378,0.8794221728757968,-59.69974467182991,caroebe,RR
69348,2.165806038057203,-61.05517753272106,iracema,RR
69314,2.819199986756459,-60.756077606119405,boa vista,RR
69378,0.794581839995593,-59.41373401258128,caroebe,RR
69313,2.839895910596044,-60.71157811595929,boa vista,RR
69317,2.8125282739995874,-60.763802865450025,boa vista,RR
69317,2.8012259976934466,-60.75688968030348,boa vista,RR
69301,2.818388762237559,-60.67603890761429,boa vista,RR
69316,2.8102423773660057,-60.75028280546867,boa vista,RR
69301,2.821374037729382,-60.67647538402233,boa vista,RR
69306,2.8341526287995062,-60.65905638366496,boa vista,RR
69305,2.844815605839694,-60.66920089847328,boa vista,RR
69309,2.819533035742678,-60.70032967627199,boa vista,RR
69309,2.815210293227953,-60.70111707720853,boa vista,RR
69309,2.8212693744017363,-60.70588503953949,boa vista,RR
69317,2.8416641867704,-60.744819810745554,boa vista,RR
69311,2.85162247444287,-60.71396769817181,boa vista,RR
69375,0.9503400319452378,-59.914209801911,sao joao da baliza,RR
69313,2.831794925211673,-60.72425327724219,boa vista,RR
69310,2.833463694618932,-60.70873375907539,boa vista,RR
69317,2.842801994107408,-60.74728666815727,boa vista,RR
69301,2.8217960290907342,-60.67638025995933,boa vista,RR
69314,2.8317231436462893,-60.731981905806,boa vista,RR
69307,2.859660389994521,-60.660747264705016,boa vista,RR
69373,0.9417069409226468,-60.42986073461624,rorainopolis,RR
69309,2.815210293227953,-60.70111707720853,boa vista,RR
69306,2.8397289829384684,-60.6632793687531,boa vista,RR
69314,2.844161279207191,-60.72842673218022,boa vista,RR
69360,1.8335015895584643,-61.11899467467068,caracarai,RR
69307,2.8610976293335133,-60.66969976595973,boa vista,RR
69314,2.8478713271880256,-60.72446857941216,boa vista,RR
69307,2.8550481554169225,-60.63348168854863,boa vista,RR
69309,2.818340243520012,-60.69838719574043,boa vista,RR
69312,2.800662102736384,-60.701369083012736,boa vista,RR
69312,2.7885252638200098,-60.70244359011243,boa vista,RR
69306,2.839270905420028,-60.66510268661804,boa vista,RR
69305,2.84110335480061,-60.67383246463199,boa vista,RR
69317,2.8530388984192503,-60.72112114765732,boa vista,RR
69305,2.8329702473878053,-60.671251658411975,boa vista,RR
69305,2.8330417111157344,-60.6787618217755,boa vista,RR
69304,2.822715065148906,-60.68055754963797,boa vista,RR
69307,2.845885777641931,-60.6540403222116,boa vista,RR
69313,2.84847139423172,-60.71751985164903,boa vista,RR
69311,2.85154366062299,-60.71388220973783,boa vista,RR
69307,2.8663169564131348,-60.67064005724741,boa vista,RR
69314,2.823359939853128,-60.72824374646933,boa vista,RR
69350,2.9973869912704125,-61.31160726990227,alto alegre,RR
69303,2.8071203093469896,-60.67825704483503,boa vista,RR
69301,2.8244366244448225,-60.66656384143817,boa vista,RR
69314,2.8122790036608825,-60.738743187433066,boa vista,RR
69308,2.796386493848668,-60.68641949887365,boa vista,RR
69312,2.803568244922991,-60.71026820899453,boa vista,RR
69304,2.8264732659114014,-60.69219126116965,boa vista,RR
69314,2.807228128425679,-60.75490899320168,boa vista,RR
69314,2.807852920859116,-60.74647594518797,boa vista,RR
69312,2.833085125483502,-60.71794243888844,boa vista,RR
69315,2.823603026044061,-60.667216186594665,boa vista,RR
69375,0.9501962672481024,-59.91305067248097,sao joao da baliza,RR
69360,1.8047251383816425,-61.13460526183047,caracaraí,RR
69309,2.807657671772853,-60.70558420060159,boa vista,RR
69370,1.0172208866194898,-60.042833032261846,sao luiz,RR
69313,2.8055860369304377,-60.71611902770875,boa vista,RR
69309,2.811221924734912,-60.70496516393889,boa vista,RR
69317,2.7987676877705776,-60.7507134176357,boa vista,RR
69310,2.8394170523732973,-60.708609109542486,boa vista,RR
69375,0.9594640953976477,-59.91058011907953,sao joao da baliza,RR
69313,2.832333502399192,-60.723250555893706,boa vista,RR
69304,2.8293734086194338,-60.68696180042321,boa vista,RR
69307,2.8053005037572705,-60.68163830083371,boa vista,RR
69301,2.8068338752613187,-60.681909087732855,boa vista,RR
69301,2.8253937950584374,-60.67822576095939,boa vista,RR
69301,2.8240972473396466,-60.6642623113756,boa vista,RR
69301,2.821249999205921,-60.67773302805791,boa vista,RR
69301,2.821231062769212,-60.66710845556168,boa vista,RR
69311,2.853084290735968,-60.71621584722548,boa vista,RR
69312,2.8198468023805385,-60.71499382632923,boa vista,RR
69312,2.801381061716142,-60.711005618500366,boa vista,RR
69378,0.8808039627443971,-59.6960331922521,caroebe,RR
69317,2.814278699684197,-60.75694168750952,boa vista,RR
69306,2.843973558142922,-60.6649526576371,boa vista,RR
69312,2.8239206355724424,-60.718011840130266,boa vista,RR
69306,2.8316233973831086,-60.66635669100917,boa vista,RR
69312,2.7939779999999983,-60.71499675,boa vista,RR
69301,2.817371546920368,-60.6777817686947,boa vista,RR
69307,2.853872761901428,-60.65592655469052,boa vista,RR
69311,2.849885245120146,-60.70955402419949,boa vista,RR
69314,2.8247522086886336,-60.73115768014164,boa vista,RR
69305,2.8377783167741115,-60.6765167514837,boa vista,RR
69313,2.845715188081161,-60.71699066553346,boa vista,RR
69312,2.829524173780334,-60.70065289643333,boa vista,RR
69313,2.811335324811976,-60.72729190607044,boa vista,RR
69303,2.814914365901602,-60.681287287081,boa vista,RR
69309,2.811345374261114,-60.69602138228544,boa vista,RR
69303,2.8510855804644173,-60.64172653004558,boa vista,RR
69307,2.842802845809602,-60.65279590543148,boa vista,RR
69312,2.795404893619942,-60.71761338121522,boa vista,RR
69305,2.81931821808379,-60.67244156570002,boa vista,RR
69303,2.809374213498608,-60.68154645691611,boa vista,RR
69314,2.8194808739912145,-60.7328569222134,boa vista,RR
69306,2.8321576827282,-60.666105262611474,boa vista,RR
69314,2.82811282346958,-60.73620440601999,boa vista,RR
69309,2.8129965381058715,-60.695263819342856,boa vista,RR
69309,2.8129965381058715,-60.695263819342856,boa vista,RR
69306,2.835935990565897,-60.654923418482426,boa vista,RR
69355,3.884717353373734,-59.61988679472323,normandia,RR
69345,4.478428913138282,-61.14783574624407,pacaraima,RR
69307,2.8598961635270475,-60.66591455787537,boa vista,RR
69307,2.85515023309346,-60.65592130769842,boa vista,RR
69306,2.8356368918553647,-60.66365090787969,boa vista,RR
69301,2.850871742919522,-60.646439569446194,boa vista,RR
69312,2.7966105000000065,-60.7035915,boa vista,RR
69307,2.862709298075653,-60.66223166595312,boa vista,RR
69314,2.834393120563244,-60.73257750708217,boa vista,RR
69378,0.8814864877331176,-59.69724060332436,caroebe,RR
69307,2.85857707952329,-60.66275047859927,boa vista,RR
69312,2.805401922371038,-60.71341931556783,boa vista,RR
69312,2.8116549032227898,-60.72000604088369,boa vista,RR
69312,2.810414174565742,-60.7206539973722,boa vista,RR
69309,2.81122977983703,-60.7016746067949,boa vista,RR
69301,2.823458536092981,-60.67606627287933,boa vista,RR
69301,2.8145663994351664,-60.673190261075874,boa vista,RR
69304,2.8258580036125114,-60.68721273259752,boa vista,RR
69305,2.8329702473878053,-60.671251658411975,boa vista,RR
69307,2.853830885223342,-60.654645774238666,boa vista,RR
69340,2.4426574797401392,-60.91982741041733,mucajai,RR
69312,2.812700196824092,-60.71302143168312,boa vista,RR
69313,2.806880097819486,-60.724973563585365,boa vista,RR
69313,2.8069497950782822,-60.72398782937559,boa vista,RR
69307,2.8184467971229448,-60.67014138926054,boa vista,RR
69312,2.8031960129345297,-60.702896980771456,boa vista,RR
69305,2.84359135084439,-60.67313717887157,boa vista,RR
69313,2.827215032835236,-60.72191399095885,boa vista,RR
69370,1.0153692137277366,-60.03618530753079,sao luiz,RR
69303,2.808768970987451,-60.6803409946078,boa vista,RR
69305,2.8342960108242656,-60.67248184891086,boa vista,RR
69306,2.8323959718145546,-60.66259780351423,boa vista,RR
69350,2.993685000000056,-61.57298149999996,alto alegre,RR
69314,2.828563210494272,-60.73704610289855,boa vista,RR
69309,2.8112142910691578,-60.70577967233502,boa vista,RR
69311,2.8077919556549684,-60.71667206264727,boa vista,RR
69311,2.8514921589310336,-60.71279260749871,boa vista,RR
69312,2.8107884821452296,-60.72674687547328,boa vista,RR
69340,2.448768364014628,-60.92701021974768,mucajai,RR
69314,2.824455349037078,-60.72786781728459,boa vista,RR
69314,2.799741850860608,-60.740713438753446,boa vista,RR
69305,2.84737512183456,-60.67062343285695,boa vista,RR
69301,2.8145663994351664,-60.673190261075874,boa vista,RR
69314,2.8380343172802447,-60.7221654276356,boa vista,RR
69309,2.8129965381058715,-60.695263819342856,boa vista,RR
69313,2.82641647875221,-60.6983182468045,boa vista,RR
69303,2.808759982657164,-60.68033518111904,boa vista,RR
69317,2.824992891769936,-60.73518938635739,boa vista,RR
69310,2.849692019128925,-60.70371339077967,boa vista,RR
69304,2.820410126085968,-60.68608100600434,boa vista,RR
69305,2.8383449081448817,-60.65750124932138,boa vista,RR
69305,2.850438283647588,-60.66612941509896,boa vista,RR
69348,2.171968303435016,-61.05259069656498,iracema,RR
69312,2.81134170530106,-60.72511964217865,boa vista,RR
69307,2.845885777641931,-60.6540403222116,boa vista,RR
69340,2.448803241628528,-60.929726749722114,mucajai,RR
69312,2.823548150387031,-60.7158914700367,boa vista,RR
69311,2.8497264697987665,-60.71298105371066,boa vista,RR
69309,2.81030221819533,-60.698124746086506,boa vista,RR
69312,2.828650612724758,-60.7033681174663,boa vista,RR
69301,2.8202781657793654,-60.664367962491085,boa vista,RR
69317,2.8111314220055696,-60.77579919723802,boa vista,RR
69309,2.8166603623666497,-60.70648319322383,boa vista,RR
69304,2.823697481854913,-60.69248869317333,boa vista,RR
69309,2.8097623517986907,-60.69234775426061,boa vista,RR
69313,2.8036943520533364,-60.72907972681162,boa vista,RR
69307,2.867165759173951,-60.66984283181681,boa vista,RR
69307,2.8463994337793506,-60.65462796119858,boa vista,RR
69316,2.8010195283572665,-60.74966056163011,boa vista,RR
69306,2.829127716376237,-60.6675152492834,boa vista,RR
69313,2.832333502399192,-60.723250555893706,boa vista,RR
69373,0.9361388118315578,-60.42684843549467,rorainopolis,RR
69309,2.8079312382395805,-60.70635219394663,boa vista,RR
69301,2.815178679362747,-60.67109905058592,boa vista,RR
69314,2.8317231436462893,-60.731981905806,boa vista,RR
69316,2.774435958961905,-60.72341471889576,boa vista,RR
69314,2.8478713271880256,-60.72446857941216,boa vista,RR
69307,2.861912123358645,-60.65661687681912,boa vista,RR
69313,2.844120377049112,-60.7280615133153,boa vista,RR
69306,2.828717964739338,-60.67305420927698,boa vista,RR
69360,1.8191225731176064,-61.134737129258696,caracarai,RR
69317,2.841970138594315,-60.745783041255365,boa vista,RR
69313,2.8462169637721124,-60.71580432855056,boa vista,RR
69309,2.8129965381058715,-60.695263819342856,boa vista,RR
69307,2.862506761150994,-60.65706400113091,boa vista,RR
69313,2.8288230592762,-60.725932635008704,boa vista,RR
69312,2.8269467696894943,-60.71383173022199,boa vista,RR
69305,2.8462649651538965,-60.66470385332747,boa vista,RR
69301,2.819354181576536,-60.66671730239971,boa vista,RR
69313,2.845715842917647,-60.721840084134605,boa vista,RR
69305,2.831187947279123,-60.677818289013885,boa vista,RR
69312,2.789670664140503,-60.69908873377849,boa vista,RR
69312,2.831032744166551,-60.71629077281647,boa vista,RR
69309,2.821002448061085,-60.69937552418651,boa vista,RR
69317,2.8427090530927184,-60.748863365816895,boa vista,RR
69312,2.803790438373146,-60.70345106653915,boa vista,RR
69350,2.9979457408495045,-61.31086713567558,alto alegre,RR
69312,2.8048564151860584,-60.71534608294004,boa vista,RR
69313,2.845977135740495,-60.72615215472485,boa vista,RR
69360,1.8110847751096688,-61.1344072225429,caracarai,RR
69350,2.993685000000056,-61.57298149999996,alto alegre,RR
69307,2.864813707028363,-60.67150686713296,boa vista,RR
69317,2.8482389999999977,-60.74470575,boa vista,RR
69309,2.818158970378492,-60.70145736787814,boa vista,RR
69309,2.8026955111464504,-60.69449017857866,boa vista,RR
69312,2.828044832171848,-60.69936521843936,boa vista,RR
69312,2.827981231430211,-60.71801149547217,boa vista,RR
69305,2.8383449081448817,-60.65750124932138,boa vista,RR
69307,2.862772230143598,-60.663947163927936,boa vista,RR
69307,2.8641776856194205,-60.66281374515595,boa vista,RR
69311,2.8536935221316617,-60.71706329860225,boa vista,RR
69303,2.814914365901602,-60.681287287081,boa vista,RR
69304,2.821534138002736,-60.692457938037656,boa vista,RR
69312,2.810324263221174,-60.72225322475766,boa vista,RR
69307,2.866417076393724,-60.67108940229964,boa vista,RR
69317,2.8174144319410823,-60.75764004339363,boa vista,RR
69312,2.8270411622202323,-60.718810236486256,boa vista,RR
69373,0.9361388118315578,-60.42684843549467,rorainopolis,RR
69309,2.8187853005304566,-60.71196096199166,boa vista,RR
69301,2.82744345362704,-60.67103538263134,boa vista,RR
69303,2.814566984625725,-60.68135673309266,boa vista,RR
69305,2.8377498077922443,-60.6765023349852,boa vista,RR
69304,2.823598855233386,-60.69100122020591,boa vista,RR
69370,1.012165123108947,-60.039807126010565,sao luiz,RR
69301,2.850871742919522,-60.646439569446194,boa vista,RR
69348,2.167567471047506,-61.05233382835511,iracema,RR
69312,2.8086828020517074,-60.71683814606371,boa vista,RR
69314,2.8151486330373774,-60.74516474332612,boa vista,RR
69312,2.806104240046817,-60.710390031510585,boa vista,RR
69360,1.814479991701163,-61.1320514186005,caracaraí,RR
69360,1.80890447574368,-61.13294528337269,caracarai,RR
69314,2.8298993050326864,-60.73129047855984,boa vista,RR
69304,2.8190669241078434,-60.68465164168224,boa vista,RR
69345,4.481402412709924,-61.14453925654316,pacaraima,RR
69311,2.854244680563688,-60.71535066146118,boa vista,RR
69301,2.818059478861485,-60.67137106266698,boa vista,RR
69304,2.834684869605617,-60.67608180725568,boa vista,RR
69306,2.831722168071743,-60.66489455112124,boa vista,RR
69307,2.8572297151765444,-60.65666926387448,boa vista,RR
69313,2.8036943520533364,-60.72907972681162,boa vista,RR
69301,2.824876105467069,-60.67238074105076,boa vista,RR
69307,2.8573408656161385,-60.66019063034731,boa vista,RR
69314,2.8233132192801187,-60.733886691477615,boa vista,RR
69311,2.8460051323953355,-60.710188192975785,boa vista,RR
69309,2.829317202578478,-60.70192980702005,boa vista,RR
69309,2.822491141338024,-60.696410306430494,boa vista,RR
69303,2.808191845463886,-60.684483153625706,boa vista,RR
69370,1.0177293214733416,-60.0370752199252,sao luiz,RR
69375,0.9464312257867736,-59.91267790929306,sao joao da baliza,RR
69380,3.3613470000000034,-59.83663633375023,bonfim,RR
69301,2.826002887923549,-60.67331418669032,boa vista,RR
69313,2.845715842917647,-60.721840084134605,boa vista,RR
69306,2.834309715550289,-60.66614772295303,boa vista,RR
69309,2.8073160183122616,-60.70788652076417,boa vista,RR
69309,2.80759334475628,-60.70515360717575,boa vista,RR
69314,2.8268525014847854,-60.72970922392083,boa vista,RR
69307,2.861885781240347,-60.661445839048405,boa vista,RR
69317,2.8434098753084087,-60.74211945099913,boa vista,RR
69305,2.8327433405976263,-60.6780942595648,boa vista,RR
69312,2.816860136275589,-60.71623276896041,boa vista,RR
69313,2.8217651086627127,-60.72573128970089,boa vista,RR
69305,2.8467770931152194,-60.67009480920156,boa vista,RR
69307,2.8592743835286782,-60.65973228760114,boa vista,RR
69316,2.7657346823334628,-60.72672187132655,boa vista,RR
69312,2.833085125483502,-60.71794243888844,boa vista,RR
69312,2.799952117895096,-60.70090094672717,boa vista,RR
69306,2.7984869944548785,-60.68787009150496,boa vista,RR
69305,2.830964875617651,-60.69033561592973,boa vista,RR
69304,2.82261058326358,-60.68789090819882,boa vista,RR
69312,2.7990701432483065,-60.71834940733008,boa vista,RR
69305,2.834918181776945,-60.6711086215083,boa vista,RR
69301,2.817214595301809,-60.67794808093964,boa vista,RR
69314,2.7913614326706675,-60.744480721444695,boa vista,RR
69318,2.760685000000024,-60.740591190999965,boa vista,RR
69301,2.816170359542361,-60.673058217357806,boa vista,RR
69301,2.819445193912033,-60.66787289515002,boa vista,RR
69307,2.858597532256614,-60.66896914396475,boa vista,RR
69317,2.8447946016079246,-60.74265518072273,boa vista,RR
69305,2.830732383583097,-60.67481288535181,boa vista,RR
69314,2.822564269976509,-60.7323505689697,boa vista,RR
69313,2.819743252640597,-60.72398976794889,boa vista,RR
69306,2.8435354280313145,-60.663113698009255,boa vista,RR
69316,2.7651266665357617,-60.73540430299851,boa vista,RR
69378,0.8807916455585809,-59.69603512780987,caroebe,RR
69309,2.8098711886098067,-60.70282229010137,boa vista,RR
69373,0.9351384702964222,-60.427392882893145,rorainopolis,RR
69317,2.820568388323912,-60.75377568216231,boa vista,RR
69750,0.5377380000000542,-66.62474449999996,sao gabriel da cachoeira,AM
69750,0.5377380000000542,-66.62474449999996,sao gabriel da cachoeira,AM
69750,0.5377380000000542,-66.62474449999996,sao gabriel da cachoeira,AM
69750,0.5377380000000542,-66.62474449999996,sao gabriel da cachoeira,AM
69750,0.4076414076723093,-66.63027044424578,sao gabriel da cachoeira,AM
78131,38.81681628638297,-9.394624510957431,varzea grande,MT
83252,42.18400274298598,-8.723762147513938,ilha dos valadares,PR
83252,42.18400274298598,-8.723762147513938,ilha dos valadares,PR
83810,39.05762941700437,-9.400036925109038,areia branca dos assis,PR
95130,14.585072541779615,121.10539381057764,santa lucia do piai,RS
